{"precision": {"0.0": 0.821975, "1.0": 0.760572, "macro_avg": 0.791273, "weighted_avg": 0.795387}, "recall": {"0.0": 0.815172, "1.0": 0.768814, "macro_avg": 0.791993, "weighted_avg": 0.795099}, "f1-score": {"0.0": 0.81856, "1.0": 0.764671, "macro_avg": 0.791615, "weighted_avg": 0.795225}, "support": {"0.0": 2175, "1.0": 1661, "total": 3836}, "accuracy": 0.795099}