{"precision": {"0.0": 0.835082, "1.0": 0.762938, "macro_avg": 0.79901, "weighted_avg": 0.804637}, "recall": {"0.0": 0.823675, "1.0": 0.777211, "macro_avg": 0.800443, "weighted_avg": 0.804067}, "f1-score": {"0.0": 0.829339, "1.0": 0.770008, "macro_avg": 0.799674, "weighted_avg": 0.804301}, "support": {"0.0": 2416.0, "1.0": 1764.0, "total": 4180.0}, "accuracy": 0.804067}