{"precision": {"0.0": 0.832905, "1.0": 0.744312, "macro_avg": 0.788608, "weighted_avg": 0.795518}, "recall": {"0.0": 0.804636, "1.0": 0.778912, "macro_avg": 0.791774, "weighted_avg": 0.79378}, "f1-score": {"0.0": 0.818526, "1.0": 0.761219, "macro_avg": 0.789873, "weighted_avg": 0.794342}, "support": {"0.0": 2416.0, "1.0": 1764.0, "total": 4180.0}, "accuracy": 0.79378}