{"precision": {"0.0": 0.856062, "1.0": 0.770385, "macro_avg": 0.813223, "weighted_avg": 0.820187}, "recall": {"0.0": 0.826731, "1.0": 0.807028, "macro_avg": 0.816879, "weighted_avg": 0.818481}, "f1-score": {"0.0": 0.841141, "1.0": 0.78828, "macro_avg": 0.814711, "weighted_avg": 0.819007}, "support": {"0.0": 9719.0, "1.0": 7001.0, "total": 16720.0}, "accuracy": 0.818481}